{"image_name": "raw.png", "annotation": [[[0.0, 196.36003156865385, 38.419378086839316], [0.0, 215.64524332143648, 65.79193670369207], [0.0, 218.75576134607886, 85.0771484564747], [0.0, 219.9999685559358, 100.00763497475799], [0.0, 220.62207216086424, 112.44970707332743], [0.0, 208.18000006229485, 128.00229719653922], [0.0, 198.84844598836779, 130.49071161625312], [0.0, 180.8074414454421, 129.86860801132462], [0.0, 158.41171166801712, 121.7812611472545], [0.0, 140.99281073001993, 118.04863951768368], [0.0, 116.10866653288107, 118.04863951768368], [0.0, 94.33504036038457, 118.67074312261215], [0.0, 73.805621397745, 115.5602250979698], [0.0, 61.36354929917559, 108.71708544375662], [0.0, 42.70044115132143, 84.4550448515462], [0.0, 37.10150870696519, 73.25717996283373], [0.0, 35.85730149710825, 53.9719682100511], [0.0, 42.70044115132143, 40.90779250655322], [0.0, 49.54358080553462, 29.70992761784072], [0.0, 75.67193221253044, 18.512062729128232], [0.0, 92.46872954559916, 13.535233889700464], [0.0, 111.13183769345329, 15.401544704485886], [0.0, 129.17284223637895, 28.46572040798378], [0.0, 157.78960806308865, 30.33203122276919], [0.0, 179.56323423558516, 35.30886006219697]], [[0.0, 788.123235269555, 29.189879952845672], [0.0, 801.3526428617769, 64.06740905961212], [0.0, 818.1900707064227, 97.74226474890386], [0.0, 836.2301719685432, 120.59305968092323], [0.0, 848.2569061432903, 132.61979385567028], [0.0, 853.0675998131892, 149.45722170031618], [0.0, 830.2168048811698, 155.4705887876897], [0.0, 803.7579896967262, 119.39038626344856], [0.0, 794.1366023569286, 89.32355082658094], [0.0, 786.9205618520804, 66.47275589456152], [0.0, 776.096501094808, 60.45938880718799], [0.0, 767.6777871724851, 50.83800146739034], [0.0, 772.4884808423839, 20.77116603052272]]], "features": {"anno_style": ["manual", "manual"], "class": [1, 1]}}