{"image_name": "raw.png", "features": {"class": [1, 1], "anno_style": ["manual", "manual"], "metadata": ["test one", "test two"]}, "annotation": [[[377.0665648801896, 262.18421659824884], [397.2213637236231, 255.46595031710433], [428.1253886168879, 294.4318947477425], [420.06346907951445, 313.24304033494707], [379.7538713926474, 318.61765335986274], [352.88080626806936, 294.4318947477425], [343.475233474467, 279.6517089292246]], [[507.4009307343931, 227.24923193629735], [546.3668751650313, 264.8715231107066], [520.8374632966821, 309.2120805662604], [487.24613189095965, 291.7445882352847], [456.3421069976948, 229.9365384487552]]]}