{"image_name": "raw.png", "features": {"class": [0, 1, 5, 2], "anno_style": ["manual", "manual", "manual", "manual"], "metadata": ["test", "test", "test", "test"]}, "annotation": [[[363.37370653866844, 267.37558690399567], [417.8407218239413, 255.12050846480926], [440.9892033201823, 289.1623930181048], [428.7341248809959, 346.3527590676414], [371.5437588314594, 340.90605753911404], [342.9485758066911, 321.8426021892685], [319.80009431045016, 283.7156914895776]], [[443.7125540844459, 419.88322970275976], [513.1579985731688, 417.15987893849615], [545.8382077443325, 471.626894223769], [498.1795693697187, 505.6687787770645], [461.4143340521596, 504.3071033949327], [394.69224032770035, 441.6700358168689]], [[526.7747523944871, 289.1623930181048], [601.6668984117373, 253.75883308267746], [630.2620814365056, 310.94919913221395], [613.9219768509237, 343.62940830337766], [534.944804687278, 339.54438215698224], [511.7963231910371, 320.4809268071367]], [[201.33433606498164, 441.6700358168689], [247.6312990574636, 413.0748527921006], [276.2264820822318, 458.0101404024508], [272.14145593583635, 497.49872648427356], [231.29119447188174, 500.2220772485373], [195.88763453645436, 482.52029728082357], [179.54752995087244, 462.09516654884624]]]}